{"cameraMode":{"drawMode":0,"name":"Shaded","section":"Shading Mode"},"sceneLighting":false,"audioPlay":false,"sceneViewState":{"m_AlwaysRefresh":false,"showFog":true,"showSkybox":false,"showFlares":true,"showImageEffects":true,"showParticleSystems":true,"showVisualEffectGraphs":true,"m_FxEnabled":true},"in2DMode":false,"pivot":{"x":-0.15078602731227876,"y":0.25077658891677859,"z":-0.0022777144331485035},"rotation":{"x":0.16648535430431367,"y":-0.6645568013191223,"z":0.15545408427715302,"w":0.7116625308990479},"size":1.021749496459961,"orthographic":false}