{"cameraMode":{"drawMode":0,"name":"Shaded","section":"Shading Mode"},"sceneLighting":true,"audioPlay":false,"sceneViewState":{"m_AlwaysRefresh":false,"showFog":true,"showSkybox":true,"showFlares":true,"showImageEffects":true,"showParticleSystems":true,"showVisualEffectGraphs":true,"m_FxEnabled":true},"in2DMode":false,"pivot":{"x":1.788940191268921,"y":-1.7497727870941163,"z":2.1551270484924318},"rotation":{"x":0.12251368910074234,"y":0.5682734251022339,"z":-0.08607695996761322,"w":0.8090712428092957},"size":3.6351306438446047,"orthographic":false}